{
  "timestamp": "2026-02-26T10:42:16.190321",
  "manifest": "/home/geney/Craftax_Baselines/configs/eval/policy_wave_dual3_offline_dualfixed_shardrot_20260225_1620.yaml",
  "tracks": [
    "id"
  ],
  "num_policies": 4,
  "policy_ids": [
    "offline_dual_skip1",
    "offline_dual_skip1",
    "offline_dual_skip1",
    "offline_dual_skip1"
  ],
  "seeds": [
    42
  ],
  "results": {
    "id": {
      "offline_dual_skip1:step_1000000": {
        "seed_runs": [
          {
            "policy": "offline_dual_skip1",
            "variant": "step_1000000",
            "seed": 42,
            "episodes": 128,
            "env_steps": 536,
            "runtime_sec": 1081.2000555992126,
            "returns": {
              "mean": 10.107812881469727,
              "std": 4.082155704498291,
              "median": 10.099997520446777,
              "min": 1.0999997854232788,
              "max": 18.100000381469727,
              "p10": 4.800000190734863,
              "p25": 7.100000858306885,
              "p75": 14.099996566772461,
              "p90": 15.099998474121094
            },
            "lengths": {
              "mean": 319.28125,
              "std": 86.90034484863281,
              "median": 320.5,
              "min": 80.0,
              "max": 529.0,
              "p10": 208.6999969482422,
              "p25": 265.0,
              "p75": 356.0,
              "p90": 441.4999694824219
            },
            "achievement_counts": {
              "mean": 11.0078125,
              "std": 4.082156658172607,
              "median": 11.0,
              "min": 2.0,
              "max": 19.0,
              "p10": 5.699999809265137,
              "p25": 8.0,
              "p75": 15.0,
              "p90": 16.0
            },
            "achievement_unlock_rates": {
              "cast_fireball": 0.0,
              "cast_iceball": 0.0,
              "collect_coal": 0.359375,
              "collect_diamond": 0.0,
              "collect_drink": 0.3125,
              "collect_iron": 0.0390625,
              "collect_ruby": 0.0,
              "collect_sapling": 0.8984375,
              "collect_sapphire": 0.0,
              "collect_stone": 0.7421875,
              "collect_wood": 0.9765625,
              "damage_necromancer": 0.0,
              "defeat_archer": 0.0,
              "defeat_deep_thing": 0.0,
              "defeat_fire_elemental": 0.0,
              "defeat_frost_troll": 0.0,
              "defeat_gnome_archer": 0.0,
              "defeat_gnome_warrior": 0.0,
              "defeat_ice_elemental": 0.0,
              "defeat_knight": 0.0,
              "defeat_kobold": 0.0,
              "defeat_lizard": 0.0,
              "defeat_necromancer": 0.0,
              "defeat_orc_mage": 0.0,
              "defeat_orc_solider": 0.0,
              "defeat_pigman": 0.0,
              "defeat_skeleton": 0.078125,
              "defeat_troll": 0.0,
              "defeat_zombie": 0.578125,
              "drink_potion": 0.0,
              "eat_bat": 0.0,
              "eat_cow": 0.75,
              "eat_plant": 0.0,
              "eat_snail": 0.0,
              "enchant_armour": 0.0,
              "enchant_sword": 0.0,
              "enter_dungeon": 0.0,
              "enter_fire_realm": 0.0,
              "enter_gnomish_mines": 0.0,
              "enter_graveyard": 0.0,
              "enter_ice_realm": 0.0,
              "enter_sewers": 0.0,
              "enter_troll_mines": 0.0,
              "enter_vault": 0.0,
              "find_bow": 0.0,
              "fire_bow": 0.0,
              "learn_fireball": 0.0,
              "learn_iceball": 0.0,
              "make_arrow": 0.171875,
              "make_diamond_armour": 0.0,
              "make_diamond_pickaxe": 0.0,
              "make_diamond_sword": 0.0,
              "make_iron_armour": 0.0,
              "make_iron_pickaxe": 0.0,
              "make_iron_sword": 0.0,
              "make_stone_pickaxe": 0.3046875,
              "make_stone_sword": 0.4140625,
              "make_torch": 0.203125,
              "make_wood_pickaxe": 0.8359375,
              "make_wood_sword": 0.6875,
              "open_chest": 0.0,
              "place_furnace": 0.4375,
              "place_plant": 0.8671875,
              "place_stone": 0.5546875,
              "place_table": 0.953125,
              "place_torch": 0.171875,
              "wake_up": 0.671875
            },
            "llm_calls": 536,
            "llm_call_ms_mean": 1672.2708039412296,
            "llm_generation_samples": []
          }
        ],
        "aggregate": {
          "num_seeds": 1,
          "return_mean_over_seeds": 10.107812881469727,
          "return_std_over_seeds": 0.0,
          "length_mean_over_seeds": 319.28125,
          "achievement_mean_over_seeds": 11.0078125,
          "llm_calls_mean_over_seeds": 536.0
        }
      },
      "offline_dual_skip1:step_3000000": {
        "seed_runs": [
          {
            "policy": "offline_dual_skip1",
            "variant": "step_3000000",
            "seed": 42,
            "episodes": 128,
            "env_steps": 608,
            "runtime_sec": 1258.0505650043488,
            "returns": {
              "mean": 12.23281192779541,
              "std": 5.009943962097168,
              "median": 14.099997520446777,
              "min": 1.0999997854232788,
              "max": 20.099998474121094,
              "p10": 4.100000858306885,
              "p25": 9.100000381469727,
              "p75": 16.099998474121094,
              "p90": 18.09999656677246
            },
            "lengths": {
              "mean": 345.71875,
              "std": 126.60962677001953,
              "median": 336.0,
              "min": 52.0,
              "max": 608.0,
              "p10": 217.5,
              "p25": 253.75,
              "p75": 422.0,
              "p90": 539.8999633789062
            },
            "achievement_counts": {
              "mean": 13.1328125,
              "std": 5.009944915771484,
              "median": 15.0,
              "min": 2.0,
              "max": 21.0,
              "p10": 5.0,
              "p25": 10.0,
              "p75": 17.0,
              "p90": 19.0
            },
            "achievement_unlock_rates": {
              "cast_fireball": 0.0,
              "cast_iceball": 0.0,
              "collect_coal": 0.609375,
              "collect_diamond": 0.0,
              "collect_drink": 0.59375,
              "collect_iron": 0.140625,
              "collect_ruby": 0.0,
              "collect_sapling": 0.84375,
              "collect_sapphire": 0.0,
              "collect_stone": 0.78125,
              "collect_wood": 0.9921875,
              "damage_necromancer": 0.0,
              "defeat_archer": 0.0,
              "defeat_deep_thing": 0.0,
              "defeat_fire_elemental": 0.0,
              "defeat_frost_troll": 0.0,
              "defeat_gnome_archer": 0.0,
              "defeat_gnome_warrior": 0.0,
              "defeat_ice_elemental": 0.0,
              "defeat_knight": 0.0,
              "defeat_kobold": 0.0,
              "defeat_lizard": 0.0,
              "defeat_necromancer": 0.0,
              "defeat_orc_mage": 0.0,
              "defeat_orc_solider": 0.0,
              "defeat_pigman": 0.0,
              "defeat_skeleton": 0.484375,
              "defeat_troll": 0.0,
              "defeat_zombie": 0.5546875,
              "drink_potion": 0.0,
              "eat_bat": 0.0,
              "eat_cow": 0.78125,
              "eat_plant": 0.0,
              "eat_snail": 0.0,
              "enchant_armour": 0.0,
              "enchant_sword": 0.0,
              "enter_dungeon": 0.0,
              "enter_fire_realm": 0.0,
              "enter_gnomish_mines": 0.0,
              "enter_graveyard": 0.0,
              "enter_ice_realm": 0.0,
              "enter_sewers": 0.0,
              "enter_troll_mines": 0.0,
              "enter_vault": 0.0,
              "find_bow": 0.0,
              "fire_bow": 0.0,
              "learn_fireball": 0.0,