{
  "timestamp": "2026-02-26T11:19:12.020215",
  "manifest": "/home/geney/Craftax_Baselines/configs/eval/policy_wave_dual3_offline_dualfixed_shardrot_20260225_1620.yaml",
  "tracks": [
    "id"
  ],
  "num_policies": 4,
  "policy_ids": [
    "offline_dual_skip5",
    "offline_dual_skip5",
    "offline_dual_skip5",
    "offline_dual_skip5"
  ],
  "seeds": [
    42
  ],
  "results": {
    "id": {
      "offline_dual_skip5:step_1000000": {
        "seed_runs": [
          {
            "policy": "offline_dual_skip5",
            "variant": "step_1000000",
            "seed": 42,
            "episodes": 128,
            "env_steps": 504,
            "runtime_sec": 353.3502686023712,
            "returns": {
              "mean": 9.795310974121094,
              "std": 4.006943225860596,
              "median": 10.099998474121094,
              "min": 1.0999997854232788,
              "max": 18.09999656677246,
              "p10": 4.100000858306885,
              "p25": 6.850000381469727,
              "p75": 13.099997520446777,
              "p90": 15.099997520446777
            },
            "lengths": {
              "mean": 312.703125,
              "std": 81.6265640258789,
              "median": 320.0,
              "min": 62.0,
              "max": 504.0,
              "p10": 215.10000610351562,
              "p25": 269.0,
              "p75": 372.0,
              "p90": 392.5999755859375
            },
            "achievement_counts": {
              "mean": 10.6953125,
              "std": 4.006944179534912,
              "median": 11.0,
              "min": 2.0,
              "max": 19.0,
              "p10": 5.0,
              "p25": 7.75,
              "p75": 14.0,
              "p90": 16.0
            },
            "achievement_unlock_rates": {
              "cast_fireball": 0.0,
              "cast_iceball": 0.0,
              "collect_coal": 0.4140625,
              "collect_diamond": 0.0,
              "collect_drink": 0.25,
              "collect_iron": 0.0546875,
              "collect_ruby": 0.0,
              "collect_sapling": 0.765625,
              "collect_sapphire": 0.0,
              "collect_stone": 0.671875,
              "collect_wood": 0.9921875,
              "damage_necromancer": 0.0,
              "defeat_archer": 0.0,
              "defeat_deep_thing": 0.0,
              "defeat_fire_elemental": 0.0,
              "defeat_frost_troll": 0.0,
              "defeat_gnome_archer": 0.0,
              "defeat_gnome_warrior": 0.0,
              "defeat_ice_elemental": 0.0,
              "defeat_knight": 0.0,
              "defeat_kobold": 0.0,
              "defeat_lizard": 0.0,
              "defeat_necromancer": 0.0,
              "defeat_orc_mage": 0.0,
              "defeat_orc_solider": 0.0,
              "defeat_pigman": 0.0,
              "defeat_skeleton": 0.15625,
              "defeat_troll": 0.0,
              "defeat_zombie": 0.5234375,
              "drink_potion": 0.0,
              "eat_bat": 0.0,
              "eat_cow": 0.796875,
              "eat_plant": 0.0,
              "eat_snail": 0.0,
              "enchant_armour": 0.0,
              "enchant_sword": 0.0,
              "enter_dungeon": 0.0,
              "enter_fire_realm": 0.0,
              "enter_gnomish_mines": 0.0,
              "enter_graveyard": 0.0,
              "enter_ice_realm": 0.0,
              "enter_sewers": 0.0,
              "enter_troll_mines": 0.0,
              "enter_vault": 0.0,
              "find_bow": 0.0,
              "fire_bow": 0.0,
              "learn_fireball": 0.0,
              "learn_iceball": 0.0,
              "make_arrow": 0.1953125,
              "make_diamond_armour": 0.0,
              "make_diamond_pickaxe": 0.0,
              "make_diamond_sword": 0.0,
              "make_iron_armour": 0.0,
              "make_iron_pickaxe": 0.0,
              "make_iron_sword": 0.0,
              "make_stone_pickaxe": 0.3828125,
              "make_stone_sword": 0.4296875,
              "make_torch": 0.1953125,
              "make_wood_pickaxe": 0.8203125,
              "make_wood_sword": 0.7421875,
              "open_chest": 0.0,
              "place_furnace": 0.3359375,
              "place_plant": 0.671875,
              "place_stone": 0.4296875,
              "place_table": 0.953125,
              "place_torch": 0.140625,
              "wake_up": 0.7734375
            },
            "llm_calls": 101,
            "llm_call_ms_mean": 1870.3888167539556,
            "llm_generation_samples": []
          }
        ],
        "aggregate": {
          "num_seeds": 1,
          "return_mean_over_seeds": 9.795310974121094,
          "return_std_over_seeds": 0.0,
          "length_mean_over_seeds": 312.703125,
          "achievement_mean_over_seeds": 10.6953125,
          "llm_calls_mean_over_seeds": 101.0
        }
      },
      "offline_dual_skip5:step_3000000": {
        "seed_runs": [
          {
            "policy": "offline_dual_skip5",
            "variant": "step_3000000",
            "seed": 42,
            "episodes": 128,
            "env_steps": 581,
            "runtime_sec": 405.1912188529968,
            "returns": {
              "mean": 11.725000381469727,
              "std": 4.257346153259277,
              "median": 13.099997520446777,
              "min": 1.0999997854232788,
              "max": 19.09999656677246,
              "p10": 5.100000858306885,
              "p25": 8.100000381469727,
              "p75": 15.099998474121094,
              "p90": 16.100000381469727
            },
            "lengths": {
              "mean": 312.6875,
              "std": 105.90706634521484,
              "median": 302.0,
              "min": 57.0,
              "max": 581.0,
              "p10": 189.60000610351562,
              "p25": 253.75,
              "p75": 367.0,
              "p90": 463.39996337890625
            },
            "achievement_counts": {
              "mean": 12.625,
              "std": 4.2573466300964355,
              "median": 14.0,
              "min": 2.0,
              "max": 20.0,
              "p10": 6.0,
              "p25": 9.0,
              "p75": 16.0,
              "p90": 17.0
            },
            "achievement_unlock_rates": {
              "cast_fireball": 0.0,
              "cast_iceball": 0.0,
              "collect_coal": 0.578125,
              "collect_diamond": 0.0,
              "collect_drink": 0.4375,
              "collect_iron": 0.0703125,
              "collect_ruby": 0.0,
              "collect_sapling": 0.875,
              "collect_sapphire": 0.0,
              "collect_stone": 0.7890625,
              "collect_wood": 0.984375,
              "damage_necromancer": 0.0,
              "defeat_archer": 0.0,
              "defeat_deep_thing": 0.0,
              "defeat_fire_elemental": 0.0,
              "defeat_frost_troll": 0.0,
              "defeat_gnome_archer": 0.0,
              "defeat_gnome_warrior": 0.0,
              "defeat_ice_elemental": 0.0,
              "defeat_knight": 0.0,
              "defeat_kobold": 0.0,
              "defeat_lizard": 0.0,
              "defeat_necromancer": 0.0,
              "defeat_orc_mage": 0.0,
              "defeat_orc_solider": 0.0,
              "defeat_pigman": 0.0,
              "defeat_skeleton": 0.390625,
              "defeat_troll": 0.0,
              "defeat_zombie": 0.5703125,
              "drink_potion": 0.0,
              "eat_bat": 0.0,
              "eat_cow": 0.8125,
              "eat_plant": 0.0,
              "eat_snail": 0.0,
              "enchant_armour": 0.0,
              "enchant_sword": 0.0,
              "enter_dungeon": 0.0,
              "enter_fire_realm": 0.0,
              "enter_gnomish_mines": 0.0,
              "enter_graveyard": 0.0,
              "enter_ice_realm": 0.0,
              "enter_sewers": 0.0,
              "enter_troll_mines": 0.0,
              "enter_vault": 0.0,
              "find_bow": 0.0,
              "fire_bow": 0.0,