{
  "timestamp": "2026-02-26T11:52:44.800432",
  "manifest": "/home/geney/Craftax_Baselines/configs/eval/policy_wave_dual3_offline_dualfixed_shardrot_20260225_1620.yaml",
  "tracks": [
    "id"
  ],
  "num_policies": 4,
  "policy_ids": [
    "offline_dual_skip25",
    "offline_dual_skip25",
    "offline_dual_skip25",
    "offline_dual_skip25"
  ],
  "seeds": [
    42
  ],
  "results": {
    "id": {
      "offline_dual_skip25:step_1000000": {
        "seed_runs": [
          {
            "policy": "offline_dual_skip25",
            "variant": "step_1000000",
            "seed": 42,
            "episodes": 128,
            "env_steps": 584,
            "runtime_sec": 221.9297547340393,
            "returns": {
              "mean": 11.303123474121094,
              "std": 4.2616729736328125,
              "median": 12.099998474121094,
              "min": 0.09999998658895493,
              "max": 18.10000228881836,
              "p10": 5.100000858306885,
              "p25": 8.100000381469727,
              "p75": 15.099996566772461,
              "p90": 16.099998474121094
            },
            "lengths": {
              "mean": 342.6796875,
              "std": 99.40966033935547,
              "median": 338.0,
              "min": 48.0,
              "max": 584.0,
              "p10": 230.5,
              "p25": 272.25,
              "p75": 383.25,
              "p90": 488.39996337890625
            },
            "achievement_counts": {
              "mean": 12.203125,
              "std": 4.261673927307129,
              "median": 13.0,
              "min": 1.0,
              "max": 19.0,
              "p10": 6.0,
              "p25": 9.0,
              "p75": 16.0,
              "p90": 17.0
            },
            "achievement_unlock_rates": {
              "cast_fireball": 0.0,
              "cast_iceball": 0.0,
              "collect_coal": 0.46875,
              "collect_diamond": 0.0,
              "collect_drink": 0.421875,
              "collect_iron": 0.0859375,
              "collect_ruby": 0.0,
              "collect_sapling": 0.9375,
              "collect_sapphire": 0.0,
              "collect_stone": 0.71875,
              "collect_wood": 0.984375,
              "damage_necromancer": 0.0,
              "defeat_archer": 0.0,
              "defeat_deep_thing": 0.0,
              "defeat_fire_elemental": 0.0,
              "defeat_frost_troll": 0.0,
              "defeat_gnome_archer": 0.0,
              "defeat_gnome_warrior": 0.0,
              "defeat_ice_elemental": 0.0,
              "defeat_knight": 0.0,
              "defeat_kobold": 0.0,
              "defeat_lizard": 0.0,
              "defeat_necromancer": 0.0,
              "defeat_orc_mage": 0.0,
              "defeat_orc_solider": 0.0,
              "defeat_pigman": 0.0,
              "defeat_skeleton": 0.1484375,
              "defeat_troll": 0.0,
              "defeat_zombie": 0.484375,
              "drink_potion": 0.0,
              "eat_bat": 0.0,
              "eat_cow": 0.8046875,
              "eat_plant": 0.0,
              "eat_snail": 0.0,
              "enchant_armour": 0.0,
              "enchant_sword": 0.0,
              "enter_dungeon": 0.0,
              "enter_fire_realm": 0.0,
              "enter_gnomish_mines": 0.0,
              "enter_graveyard": 0.0,
              "enter_ice_realm": 0.0,
              "enter_sewers": 0.0,
              "enter_troll_mines": 0.0,
              "enter_vault": 0.0,
              "find_bow": 0.0,
              "fire_bow": 0.0,
              "learn_fireball": 0.0,
              "learn_iceball": 0.0,
              "make_arrow": 0.1953125,
              "make_diamond_armour": 0.0,
              "make_diamond_pickaxe": 0.0,
              "make_diamond_sword": 0.0,
              "make_iron_armour": 0.0,
              "make_iron_pickaxe": 0.0,
              "make_iron_sword": 0.0,
              "make_stone_pickaxe": 0.484375,
              "make_stone_sword": 0.515625,
              "make_torch": 0.3203125,
              "make_wood_pickaxe": 0.8203125,
              "make_wood_sword": 0.7734375,
              "open_chest": 0.0,
              "place_furnace": 0.578125,
              "place_plant": 0.8671875,
              "place_stone": 0.640625,
              "place_table": 0.953125,
              "place_torch": 0.2265625,
              "wake_up": 0.7734375
            },
            "llm_calls": 24,
            "llm_call_ms_mean": 2166.8933710510223,
            "llm_generation_samples": []
          }
        ],
        "aggregate": {
          "num_seeds": 1,
          "return_mean_over_seeds": 11.303123474121094,
          "return_std_over_seeds": 0.0,
          "length_mean_over_seeds": 342.6796875,
          "achievement_mean_over_seeds": 12.203125,
          "llm_calls_mean_over_seeds": 24.0
        }
      },
      "offline_dual_skip25:step_3000000": {
        "seed_runs": [
          {
            "policy": "offline_dual_skip25",
            "variant": "step_3000000",
            "seed": 42,
            "episodes": 128,
            "env_steps": 604,
            "runtime_sec": 229.88707327842712,
            "returns": {
              "mean": 13.818750381469727,
              "std": 3.9289333820343018,
              "median": 15.099998474121094,
              "min": 3.0999999046325684,
              "max": 19.10000228881836,
              "p10": 8.799997329711914,
              "p25": 12.09999942779541,
              "p75": 17.09999656677246,
              "p90": 18.09999656677246
            },
            "lengths": {
              "mean": 335.828125,
              "std": 115.82915496826172,
              "median": 323.5,
              "min": 44.0,
              "max": 600.0,
              "p10": 215.6999969482422,
              "p25": 246.75,
              "p75": 410.25,
              "p90": 510.8999938964844
            },
            "achievement_counts": {
              "mean": 14.71875,
              "std": 3.928934097290039,
              "median": 16.0,
              "min": 4.0,
              "max": 20.0,
              "p10": 9.699999809265137,
              "p25": 13.0,
              "p75": 18.0,
              "p90": 19.0
            },
            "achievement_unlock_rates": {
              "cast_fireball": 0.0,
              "cast_iceball": 0.0,
              "collect_coal": 0.6484375,
              "collect_diamond": 0.0,
              "collect_drink": 0.5703125,
              "collect_iron": 0.2578125,
              "collect_ruby": 0.0,
              "collect_sapling": 0.953125,
              "collect_sapphire": 0.0,
              "collect_stone": 0.9140625,
              "collect_wood": 1.0,
              "damage_necromancer": 0.0,
              "defeat_archer": 0.0,
              "defeat_deep_thing": 0.0,
              "defeat_fire_elemental": 0.0,
              "defeat_frost_troll": 0.0,
              "defeat_gnome_archer": 0.0,
              "defeat_gnome_warrior": 0.0,
              "defeat_ice_elemental": 0.0,
              "defeat_knight": 0.0,
              "defeat_kobold": 0.0,
              "defeat_lizard": 0.0,
              "defeat_necromancer": 0.0,
              "defeat_orc_mage": 0.0,
              "defeat_orc_solider": 0.0,
              "defeat_pigman": 0.0,
              "defeat_skeleton": 0.5,
              "defeat_troll": 0.0,
              "defeat_zombie": 0.6015625,
              "drink_potion": 0.0,
              "eat_bat": 0.0,
              "eat_cow": 0.875,
              "eat_plant": 0.0,
              "eat_snail": 0.0,
              "enchant_armour": 0.0,
              "enchant_sword": 0.0,
              "enter_dungeon": 0.0,
              "enter_fire_realm": 0.0,
              "enter_gnomish_mines": 0.0,
              "enter_graveyard": 0.0,
              "enter_ice_realm": 0.0,
              "enter_sewers": 0.0,
              "enter_troll_mines": 0.0,
              "enter_vault": 0.0,
              "find_bow": 0.0,
              "fire_bow": 0.0,