{
  "timestamp": "2026-02-25T15:16:26.164421",
  "manifest": "/home/geney/Craftax_Baselines/configs/eval/policy_wave_v2_offline9_only.yaml",
  "tracks": [
    "id"
  ],
  "num_policies": 1,
  "policy_ids": [
    "offline_gated_proj_skip25"
  ],
  "seeds": [
    42
  ],
  "results": {
    "id": {
      "offline_gated_proj_skip25:final": {
        "seed_runs": [
          {
            "policy": "offline_gated_proj_skip25",
            "variant": "final",
            "seed": 42,
            "episodes": 128,
            "env_steps": 491,
            "runtime_sec": 209.11516880989075,
            "returns": {
              "mean": 6.982812404632568,
              "std": 2.536055326461792,
              "median": 7.100000858306885,
              "min": 0.10000006854534149,
              "max": 12.100000381469727,
              "p10": 4.099999904632568,
              "p25": 5.100000858306885,
              "p75": 9.099998474121094,
              "p90": 10.100000381469727
            },
            "lengths": {
              "mean": 289.953125,
              "std": 96.65812683105469,
              "median": 286.5,
              "min": 43.0,
              "max": 491.0,
              "p10": 182.1999969482422,
              "p25": 238.0,
              "p75": 351.25,
              "p90": 416.2999572753906
            },
            "achievement_counts": {
              "mean": 7.8828125,
              "std": 2.53605580329895,
              "median": 8.0,
              "min": 1.0,
              "max": 13.0,
              "p10": 5.0,
              "p25": 6.0,
              "p75": 10.0,
              "p90": 11.0
            },
            "achievement_unlock_rates": {
              "cast_fireball": 0.0,
              "cast_iceball": 0.0,
              "collect_coal": 0.046875,
              "collect_diamond": 0.0,
              "collect_drink": 0.40625,
              "collect_iron": 0.0,
              "collect_ruby": 0.0,
              "collect_sapling": 0.9453125,
              "collect_sapphire": 0.0,
              "collect_stone": 0.4140625,
              "collect_wood": 0.9765625,
              "damage_necromancer": 0.0,
              "defeat_archer": 0.0,
              "defeat_deep_thing": 0.0,
              "defeat_fire_elemental": 0.0,
              "defeat_frost_troll": 0.0,
              "defeat_gnome_archer": 0.0,
              "defeat_gnome_warrior": 0.0,
              "defeat_ice_elemental": 0.0,
              "defeat_knight": 0.0,
              "defeat_kobold": 0.0,
              "defeat_lizard": 0.0,
              "defeat_necromancer": 0.0,
              "defeat_orc_mage": 0.0,
              "defeat_orc_solider": 0.0,
              "defeat_pigman": 0.0,
              "defeat_skeleton": 0.015625,
              "defeat_troll": 0.0,
              "defeat_zombie": 0.34375,
              "drink_potion": 0.0,
              "eat_bat": 0.0,
              "eat_cow": 0.75,
              "eat_plant": 0.0,
              "eat_snail": 0.0,
              "enchant_armour": 0.0,
              "enchant_sword": 0.0,
              "enter_dungeon": 0.0,
              "enter_fire_realm": 0.0,
              "enter_gnomish_mines": 0.0,
              "enter_graveyard": 0.0,
              "enter_ice_realm": 0.0,
              "enter_sewers": 0.0,
              "enter_troll_mines": 0.0,
              "enter_vault": 0.0,
              "find_bow": 0.0,
              "fire_bow": 0.0,
              "learn_fireball": 0.0,
              "learn_iceball": 0.0,
              "make_arrow": 0.0234375,
              "make_diamond_armour": 0.0,
              "make_diamond_pickaxe": 0.0,
              "make_diamond_sword": 0.0,
              "make_iron_armour": 0.0,
              "make_iron_pickaxe": 0.0,
              "make_iron_sword": 0.0,
              "make_stone_pickaxe": 0.03125,
              "make_stone_sword": 0.0,
              "make_torch": 0.0,
              "make_wood_pickaxe": 0.5546875,
              "make_wood_sword": 0.3203125,
              "open_chest": 0.0,
              "place_furnace": 0.3046875,
              "place_plant": 0.7890625,
              "place_stone": 0.3515625,
              "place_table": 0.890625,
              "place_torch": 0.0,
              "wake_up": 0.71875
            },
            "llm_calls": 20,
            "llm_call_ms_mean": 3108.7450865423307,
            "llm_generation_samples": []
          }
        ],
        "aggregate": {
          "num_seeds": 1,
          "return_mean_over_seeds": 6.982812404632568,
          "return_std_over_seeds": 0.0,
          "length_mean_over_seeds": 289.953125,
          "achievement_mean_over_seeds": 7.8828125,
          "llm_calls_mean_over_seeds": 20.0
        }
      }
    },
    "gameplay_llm": {},
    "ood": {},
    "bundle": {},
    "value": {}
  }
}