{
  "timestamp": "2026-02-25T15:22:40.734703",
  "manifest": "/home/geney/Craftax_Baselines/configs/eval/policy_wave_v2_offline9_only.yaml",
  "tracks": [
    "id"
  ],
  "num_policies": 1,
  "policy_ids": [
    "offline_residual_gated_skip1"
  ],
  "seeds": [
    42
  ],
  "results": {
    "id": {
      "offline_residual_gated_skip1:final": {
        "seed_runs": [
          {
            "policy": "offline_residual_gated_skip1",
            "variant": "final",
            "seed": 42,
            "episodes": 128,
            "env_steps": 467,
            "runtime_sec": 917.4760947227478,
            "returns": {
              "mean": 6.068749904632568,
              "std": 2.5523805618286133,
              "median": 6.100000381469727,
              "min": 1.0999997854232788,
              "max": 12.099997520446777,
              "p10": 3.0999999046325684,
              "p25": 4.100000858306885,
              "p75": 8.09999942779541,
              "p90": 10.099996566772461
            },
            "lengths": {
              "mean": 272.9140625,
              "std": 99.34127044677734,
              "median": 273.5,
              "min": 35.0,
              "max": 467.0,
              "p10": 128.60000610351562,
              "p25": 216.25,
              "p75": 346.75,
              "p90": 396.0
            },
            "achievement_counts": {
              "mean": 6.96875,
              "std": 2.5523810386657715,
              "median": 7.0,
              "min": 2.0,
              "max": 13.0,
              "p10": 4.0,
              "p25": 5.0,
              "p75": 9.0,
              "p90": 11.0
            },
            "achievement_unlock_rates": {
              "cast_fireball": 0.0,
              "cast_iceball": 0.0,
              "collect_coal": 0.0546875,
              "collect_diamond": 0.0,
              "collect_drink": 0.390625,
              "collect_iron": 0.0,
              "collect_ruby": 0.0,
              "collect_sapling": 0.8046875,
              "collect_sapphire": 0.0,
              "collect_stone": 0.34375,
              "collect_wood": 1.0,
              "damage_necromancer": 0.0,
              "defeat_archer": 0.0,
              "defeat_deep_thing": 0.0,
              "defeat_fire_elemental": 0.0,
              "defeat_frost_troll": 0.0,
              "defeat_gnome_archer": 0.0,
              "defeat_gnome_warrior": 0.0,
              "defeat_ice_elemental": 0.0,
              "defeat_knight": 0.0,
              "defeat_kobold": 0.0,
              "defeat_lizard": 0.0,
              "defeat_necromancer": 0.0,
              "defeat_orc_mage": 0.0,
              "defeat_orc_solider": 0.0,
              "defeat_pigman": 0.0,
              "defeat_skeleton": 0.0,
              "defeat_troll": 0.0,
              "defeat_zombie": 0.1328125,
              "drink_potion": 0.0,
              "eat_bat": 0.0,
              "eat_cow": 0.6484375,
              "eat_plant": 0.0,
              "eat_snail": 0.0,
              "enchant_armour": 0.0,
              "enchant_sword": 0.0,
              "enter_dungeon": 0.0,
              "enter_fire_realm": 0.0,
              "enter_gnomish_mines": 0.0,
              "enter_graveyard": 0.0,
              "enter_ice_realm": 0.0,
              "enter_sewers": 0.0,
              "enter_troll_mines": 0.0,
              "enter_vault": 0.0,
              "find_bow": 0.0,
              "fire_bow": 0.0,
              "learn_fireball": 0.0,
              "learn_iceball": 0.0,
              "make_arrow": 0.03125,
              "make_diamond_armour": 0.0,
              "make_diamond_pickaxe": 0.0,
              "make_diamond_sword": 0.0,
              "make_iron_armour": 0.0,
              "make_iron_pickaxe": 0.0,
              "make_iron_sword": 0.0,
              "make_stone_pickaxe": 0.03125,
              "make_stone_sword": 0.0390625,
              "make_torch": 0.0,
              "make_wood_pickaxe": 0.5,
              "make_wood_sword": 0.3828125,
              "open_chest": 0.0,
              "place_furnace": 0.1484375,
              "place_plant": 0.484375,
              "place_stone": 0.296875,
              "place_table": 0.890625,
              "place_torch": 0.0,
              "wake_up": 0.8359375
            },
            "llm_calls": 467,
            "llm_call_ms_mean": 1622.299237348283,
            "llm_generation_samples": []
          }
        ],
        "aggregate": {
          "num_seeds": 1,
          "return_mean_over_seeds": 6.068749904632568,
          "return_std_over_seeds": 0.0,
          "length_mean_over_seeds": 272.9140625,
          "achievement_mean_over_seeds": 6.96875,
          "llm_calls_mean_over_seeds": 467.0
        }
      }
    },
    "gameplay_llm": {},
    "ood": {},
    "bundle": {},
    "value": {}
  }
}