{
  "timestamp": "2026-02-25T15:16:25.932484",
  "manifest": "/home/geney/Craftax_Baselines/configs/eval/policy_wave_v2_offline9_only.yaml",
  "tracks": [
    "id"
  ],
  "num_policies": 1,
  "policy_ids": [
    "offline_concat_raw_skip25"
  ],
  "seeds": [
    42
  ],
  "results": {
    "id": {
      "offline_concat_raw_skip25:final": {
        "seed_runs": [
          {
            "policy": "offline_concat_raw_skip25",
            "variant": "final",
            "seed": 42,
            "episodes": 128,
            "env_steps": 393,
            "runtime_sec": 179.77091908454895,
            "returns": {
              "mean": 1.6937501430511475,
              "std": 1.3195496797561646,
              "median": 2.09999942779541,
              "min": -0.9000000953674316,
              "max": 5.100000381469727,
              "p10": 0.09999999403953552,
              "p25": 1.0999997854232788,
              "p75": 2.1000008583068848,
              "p90": 3.1000006198883057
            },
            "lengths": {
              "mean": 245.7890625,
              "std": 85.09862518310547,
              "median": 248.0,
              "min": 45.0,
              "max": 389.0,
              "p10": 123.5,
              "p25": 202.0,
              "p75": 306.0,
              "p90": 366.4999694824219
            },
            "achievement_counts": {
              "mean": 2.59375,
              "std": 1.319549560546875,
              "median": 3.0,
              "min": 0.0,
              "max": 6.0,
              "p10": 1.0,
              "p25": 2.0,
              "p75": 3.0,
              "p90": 4.0
            },
            "achievement_unlock_rates": {
              "cast_fireball": 0.0,
              "cast_iceball": 0.0,
              "collect_coal": 0.0,
              "collect_diamond": 0.0,
              "collect_drink": 0.4140625,
              "collect_iron": 0.0,
              "collect_ruby": 0.0,
              "collect_sapling": 0.53125,
              "collect_sapphire": 0.0,
              "collect_stone": 0.0,
              "collect_wood": 0.7734375,
              "damage_necromancer": 0.0,
              "defeat_archer": 0.0,
              "defeat_deep_thing": 0.0,
              "defeat_fire_elemental": 0.0,
              "defeat_frost_troll": 0.0,
              "defeat_gnome_archer": 0.0,
              "defeat_gnome_warrior": 0.0,
              "defeat_ice_elemental": 0.0,
              "defeat_knight": 0.0,
              "defeat_kobold": 0.0,
              "defeat_lizard": 0.0,
              "defeat_necromancer": 0.0,
              "defeat_orc_mage": 0.0,
              "defeat_orc_solider": 0.0,
              "defeat_pigman": 0.0,
              "defeat_skeleton": 0.0,
              "defeat_troll": 0.0,
              "defeat_zombie": 0.0,
              "drink_potion": 0.0,
              "eat_bat": 0.0,
              "eat_cow": 0.015625,
              "eat_plant": 0.0,
              "eat_snail": 0.0,
              "enchant_armour": 0.0,
              "enchant_sword": 0.0,
              "enter_dungeon": 0.0,
              "enter_fire_realm": 0.0,
              "enter_gnomish_mines": 0.0,
              "enter_graveyard": 0.0,
              "enter_ice_realm": 0.0,
              "enter_sewers": 0.0,
              "enter_troll_mines": 0.0,
              "enter_vault": 0.0,
              "find_bow": 0.0,
              "fire_bow": 0.0,
              "learn_fireball": 0.0,
              "learn_iceball": 0.0,
              "make_arrow": 0.0,
              "make_diamond_armour": 0.0,
              "make_diamond_pickaxe": 0.0,
              "make_diamond_sword": 0.0,
              "make_iron_armour": 0.0,
              "make_iron_pickaxe": 0.0,
              "make_iron_sword": 0.0,
              "make_stone_pickaxe": 0.0,
              "make_stone_sword": 0.0,
              "make_torch": 0.0,
              "make_wood_pickaxe": 0.0078125,
              "make_wood_sword": 0.0078125,
              "open_chest": 0.0,
              "place_furnace": 0.0,
              "place_plant": 0.0390625,
              "place_stone": 0.0,
              "place_table": 0.375,
              "place_torch": 0.0,
              "wake_up": 0.4296875
            },
            "llm_calls": 16,
            "llm_call_ms_mean": 3357.763340289239,
            "llm_generation_samples": []
          }
        ],
        "aggregate": {
          "num_seeds": 1,
          "return_mean_over_seeds": 1.6937501430511475,
          "return_std_over_seeds": 0.0,
          "length_mean_over_seeds": 245.7890625,
          "achievement_mean_over_seeds": 2.59375,
          "llm_calls_mean_over_seeds": 16.0
        }
      }
    },
    "gameplay_llm": {},
    "ood": {},
    "bundle": {},
    "value": {}
  }
}