{
  "real": {
    "mean_nll": 2.1502072046538667,
    "accuracy": 0.4062118870441605,
    "n_samples": 3215770
  },
  "zero": {
    "mean_nll": 2.6546277886953153,
    "accuracy": 0.35247079237632045,
    "n_samples": 3215770
  },
  "shuffled": {
    "mean_nll": 3.0437168325740096,
    "accuracy": 0.3147809078385581,
    "n_samples": 3215770
  }
}